location,iso_code,date,total_vaccinations,people_vaccinated,people_fully_vaccinated,total_boosters,daily_vaccinations_raw,daily_vaccinations,total_vaccinations_per_hundred,people_vaccinated_per_hundred,people_fully_vaccinated_per_hundred,total_boosters_per_hundred,daily_vaccinations_per_million
Argentina,ARG,2020-12-29,700,,,,,,0.0,,,,
Argentina,ARG,2020-12-30,,,,,,15656,,,,,343
Argentina,ARG,2020-12-31,32013,,,,,15656,0.07,,,,343
Argentina,ARG,2021-01-01,,,,,,11070,,,,,243
Argentina,ARG,2021-01-02,,,,,,8776,,,,,192
Argentina,ARG,2021-01-03,,,,,,7400,,,,,162
Argentina,ARG,2021-01-04,39599,,,,,6483,0.09,,,,142
Argentina,ARG,2021-01-05,,,,,,7984,,,,,175
Argentina,ARG,2021-01-06,,,,,,8173,,,,,179
Argentina,ARG,2021-01-07,,,,,,8363,,,,,183
Argentina,ARG,2021-01-08,107542,,,,,10519,0.24,,,,231
Argentina,ARG,2021-01-09,,,,,,11942,,,,,262
Argentina,ARG,2021-01-10,,,,,,13365,,,,,293
Argentina,ARG,2021-01-11,,,,,,14788,,,,,324
Argentina,ARG,2021-01-12,,,,,,14056,,,,,308
Argentina,ARG,2021-01-13,166833,,,,,13323,0.37,,,,292
Argentina,ARG,2021-01-14,,,,,,13320,,,,,292
Argentina,ARG,2021-01-15,200759,,,,,13317,0.44,,,,292
Argentina,ARG,2021-01-16,,,,,,12971,,,,,284
Argentina,ARG,2021-01-17,,,,,,12624,,,,,277
Argentina,ARG,2021-01-18,,,,,,12278,,,,,269
Argentina,ARG,2021-01-19,,,,,,11932,,,,,262
Argentina,ARG,2021-01-20,247933,243539,4394,,,11586,0.54,0.53,0.01,,254
Argentina,ARG,2021-01-21,265724,249372,16352,,17791,11704,0.58,0.55,0.04,,257
Argentina,ARG,2021-01-22,279602,254456,25146,,13878,11263,0.61,0.56,0.06,,247
Argentina,ARG,2021-01-23,288064,258876,29188,,8462,11124,0.63,0.57,0.06,,244
Argentina,ARG,2021-01-24,292023,260036,31987,,3959,10342,0.64,0.57,0.07,,227
Argentina,ARG,2021-01-25,292386,260122,32264,,363,9046,0.64,0.57,0.07,,198
Argentina,ARG,2021-01-26,305880,266969,38911,,13494,9626,0.67,0.59,0.09,,211
Argentina,ARG,2021-01-27,318033,272323,45710,,12153,10014,0.7,0.6,0.1,,220
Argentina,ARG,2021-01-28,327999,276548,51451,,9966,8896,0.72,0.61,0.11,,195
Argentina,ARG,2021-01-29,344034,278451,65583,,16035,9205,0.75,0.61,0.14,,202
Argentina,ARG,2021-01-30,366384,281023,85361,,22350,11189,0.8,0.62,0.19,,245
Argentina,ARG,2021-01-31,,,,,,11299,,,,,248
Argentina,ARG,2021-02-01,375851,281577,94274,,,11924,0.82,0.62,0.21,,261
Argentina,ARG,2021-02-02,,,,,,11475,,,,,252
Argentina,ARG,2021-02-03,396562,284196,112366,,,11218,0.87,0.62,0.25,,246
Argentina,ARG,2021-02-04,444018,297717,146301,,47456,16574,0.97,0.65,0.32,,363
Argentina,ARG,2021-02-05,,,,,,16238,,,,,356
Argentina,ARG,2021-02-06,471383,307501,163882,,,15000,1.03,0.67,0.36,,329
Argentina,ARG,2021-02-07,501152,319316,181836,,29769,18576,1.1,0.7,0.4,,407
Argentina,ARG,2021-02-08,511582,322318,189264,,10430,19390,1.12,0.71,0.41,,425
Argentina,ARG,2021-02-09,513178,322975,190203,,1596,18139,1.13,0.71,0.42,,398
Argentina,ARG,2021-02-10,535303,337772,197531,,22125,19820,1.17,0.74,0.43,,435
Argentina,ARG,2021-02-11,572928,362649,210279,,37625,18416,1.26,0.8,0.46,,404
Argentina,ARG,2021-02-12,591632,368023,223609,,18704,19133,1.3,0.81,0.49,,420
Argentina,ARG,2021-02-13,606245,371629,234616,,14613,19266,1.33,0.81,0.51,,422
Argentina,ARG,2021-02-14,609605,372122,237483,,3360,15493,1.34,0.82,0.52,,340
Argentina,ARG,2021-02-15,609791,372181,237610,,186,14030,1.34,0.82,0.52,,308
Argentina,ARG,2021-02-16,611169,373253,237916,,1378,13999,1.34,0.82,0.52,,307
Argentina,ARG,2021-02-17,612322,374002,238320,,1153,11003,1.34,0.82,0.52,,241
Argentina,ARG,2021-02-18,635583,392399,243184,,23261,8951,1.39,0.86,0.53,,196
Argentina,ARG,2021-02-19,668654,414958,253696,,33071,11003,1.47,0.91,0.56,,241
Argentina,ARG,2021-02-20,707148,445614,261534,,38494,14415,1.55,0.98,0.57,,316
Argentina,ARG,2021-02-21,720267,456929,263338,,13119,15809,1.58,1.0,0.58,,347
Argentina,ARG,2021-02-22,722234,458822,263412,,1967,16063,1.58,1.01,0.58,,352
Argentina,ARG,2021-02-23,746615,481689,264926,,24381,19349,1.64,1.06,0.58,,424
Argentina,ARG,2021-02-24,780455,513394,267061,,33840,24019,1.71,1.13,0.59,,527
Argentina,ARG,2021-02-25,829832,558831,271001,,49377,27750,1.82,1.23,0.59,,608
Argentina,ARG,2021-02-26,903915,620635,283280,,74083,33609,1.98,1.36,0.62,,737
Argentina,ARG,2021-02-27,984895,694470,290425,,80980,39678,2.16,1.52,0.64,,870
Argentina,ARG,2021-02-28,1025003,731571,293432,,40108,43534,2.25,1.6,0.64,,955
Argentina,ARG,2021-03-01,1049169,755212,293957,,24166,46705,2.3,1.66,0.64,,1024
Argentina,ARG,2021-03-02,1126108,823446,302662,,76939,54213,2.47,1.81,0.66,,1189
Argentina,ARG,2021-03-03,1181292,874916,306376,,55184,57262,2.59,1.92,0.67,,1256
Argentina,ARG,2021-03-04,1252461,941695,310766,,71169,60376,2.75,2.06,0.68,,1324
Argentina,ARG,2021-03-05,1357596,1030504,327092,,105135,64812,2.98,2.26,0.72,,1421
Argentina,ARG,2021-03-06,,,,,,65277,,,,,1431
Argentina,ARG,2021-03-07,1526078,1182874,343204,,,71582,3.35,2.59,0.75,,1570
Argentina,ARG,2021-03-08,1546699,1202998,343701,,20621,71076,3.39,2.64,0.75,,1558
Argentina,ARG,2021-03-09,1648957,1301787,347170,,102258,74693,3.62,2.85,0.76,,1638
Argentina,ARG,2021-03-10,1774438,1424984,349454,,125481,84735,3.89,3.12,0.77,,1858
Argentina,ARG,2021-03-11,1919074,1564555,354519,,144636,95230,4.21,3.43,0.78,,2088
Argentina,ARG,2021-03-12,2098205,1719543,378662,,179131,105801,4.6,3.77,0.83,,2320
Argentina,ARG,2021-03-13,2294738,1876113,418625,,196533,121843,5.03,4.11,0.92,,2672
Argentina,ARG,2021-03-14,2381429,1932696,448733,,86691,122193,5.22,4.24,0.98,,2679
Argentina,ARG,2021-03-15,2404194,1952883,451311,,22765,122499,5.27,4.28,0.99,,2686
Argentina,ARG,2021-03-16,2541362,2064529,476833,,137168,127486,5.57,4.53,1.05,,2795
Argentina,ARG,2021-03-17,2668103,2170116,497987,,126741,127666,5.85,4.76,1.09,,2799
Argentina,ARG,2021-03-18,2805153,2289249,515904,,137050,126583,6.15,5.02,1.13,,2776
Argentina,ARG,2021-03-19,2939364,2382859,556505,,134211,120166,6.45,5.22,1.22,,2635
Argentina,ARG,2021-03-20,3063864,2472426,591438,,124500,109875,6.72,5.42,1.3,,2409
Argentina,ARG,2021-03-21,3119828,2514480,605348,,55964,105486,6.84,5.51,1.33,,2313
Argentina,ARG,2021-03-22,3142444,2535054,607390,,22616,105464,6.89,5.56,1.33,,2313
Argentina,ARG,2021-03-23,3240731,2618750,621981,,98287,99910,7.11,5.74,1.36,,2191
Argentina,ARG,2021-03-24,3328933,2694454,634479,,88202,94404,7.3,5.91,1.39,,2070
Argentina,ARG,2021-03-25,3365839,2730260,635579,,36906,80098,7.38,5.99,1.39,,1756
Argentina,ARG,2021-03-26,3474415,2824344,650071,,108576,76436,7.62,6.19,1.43,,1676
Argentina,ARG,2021-03-27,3570460,2908932,661528,,96045,72371,7.83,6.38,1.45,,1587
Argentina,ARG,2021-03-28,3625283,2959843,665440,,54823,72208,7.95,6.49,1.46,,1583
Argentina,ARG,2021-03-29,3646068,2980182,665886,,20785,71946,7.99,6.53,1.46,,1578
Argentina,ARG,2021-03-30,3744566,3073630,670936,,98498,71976,8.21,6.74,1.47,,1578
Argentina,ARG,2021-03-31,3891932,3214538,677394,,147366,80428,8.53,7.05,1.49,,1764
Argentina,ARG,2021-04-01,4023017,3342427,680590,,131085,93883,8.82,7.33,1.49,,2059
Argentina,ARG,2021-04-02,4123152,3440284,682868,,100135,92677,9.04,7.54,1.5,,2032
Argentina,ARG,2021-04-03,4178896,3495125,683771,,55744,86919,9.16,7.66,1.5,,1906
Argentina,ARG,2021-04-04,4234505,3550166,684339,,55609,87032,9.29,7.78,1.5,,1908
Argentina,ARG,2021-04-05,4260808,3576423,684385,,26303,87820,9.34,7.84,1.5,,1926
Argentina,ARG,2021-04-06,4404175,3712009,692166,,143367,94230,9.66,8.14,1.52,,2066
Argentina,ARG,2021-04-07,4571819,3870734,701085,,167644,97127,10.02,8.49,1.54,,2130
Argentina,ARG,2021-04-08,4771214,4064154,707060,,199395,106885,10.46,8.91,1.55,,2344
Argentina,ARG,2021-04-09,4956023,4244964,711059,,184809,118982,10.87,9.31,1.56,,2609
Argentina,ARG,2021-04-10,5201468,4478948,722520,,245445,146082,11.41,9.82,1.58,,3203
Argentina,ARG,2021-04-11,5313612,4586426,727186,,112144,154158,11.65,10.06,1.59,,3380
Argentina,ARG,2021-04-12,5390000,4661085,728915,,76388,161313,11.82,10.22,1.6,,3537
Argentina,ARG,2021-04-13,5571878,4836246,735632,,181878,166815,12.22,10.6,1.61,,3658
Argentina,ARG,2021-04-14,5754919,4996672,758247,,183041,169014,12.62,10.96,1.66,,3706
Argentina,ARG,2021-04-15,5935146,5163344,771802,,180227,166276,13.01,11.32,1.69,,3646
Argentina,ARG,2021-04-16,6093016,5305604,787412,,157870,162428,13.36,11.63,1.73,,3562
Argentina,ARG,2021-04-17,6226872,5431994,794878,,133856,146486,13.65,11.91,1.74,,3212
Argentina,ARG,2021-04-18,6288812,5489318,799494,,61940,139314,13.79,12.04,1.75,,3055
Argentina,ARG,2021-04-19,6334554,5534225,800329,,45742,134936,13.89,12.13,1.75,,2959
Argentina,ARG,2021-04-20,6433141,5620411,812730,,98587,123038,14.11,12.32,1.78,,2698
Argentina,ARG,2021-04-21,6550568,5722607,827961,,117427,113664,14.36,12.55,1.82,,2492
Argentina,ARG,2021-04-22,6693438,5851232,842206,,142870,108327,14.68,12.83,1.85,,2375
Argentina,ARG,2021-04-23,6807411,5955371,852040,,113973,102056,14.93,13.06,1.87,,2238
Argentina,ARG,2021-04-24,7017279,6149835,867444,,209868,112915,15.39,13.48,1.9,,2476
Argentina,ARG,2021-04-25,7134949,6263849,871100,,117670,120877,15.64,13.73,1.91,,2650
Argentina,ARG,2021-04-26,7214704,6341959,872745,,79755,125736,15.82,13.91,1.91,,2757
Argentina,ARG,2021-04-27,7386650,6507572,879078,,171946,136216,16.2,14.27,1.93,,2987
Argentina,ARG,2021-04-28,7557986,6672739,885247,,171336,143917,16.57,14.63,1.94,,3156
Argentina,ARG,2021-04-29,7715006,6806565,908441,,157020,145938,16.92,14.92,1.99,,3200
Argentina,ARG,2021-04-30,7865213,6926650,938563,,150207,151115,17.25,15.19,2.06,,3314
Argentina,ARG,2021-05-01,7971470,7002992,968478,,106257,136313,17.48,15.36,2.12,,2989
Argentina,ARG,2021-05-02,7997902,7025492,972410,,26432,123279,17.54,15.4,2.13,,2703
Argentina,ARG,2021-05-03,8039793,7051772,988021,,41891,117870,17.63,15.46,2.17,,2585
Argentina,ARG,2021-05-04,8197011,7149293,1047718,,157218,115766,17.97,15.68,2.3,,2538
Argentina,ARG,2021-05-05,8391513,7261176,1130337,,194502,119075,18.4,15.92,2.48,,2611
Argentina,ARG,2021-05-06,8591061,7399515,1191546,,199548,125151,18.84,16.22,2.61,,2744
Argentina,ARG,2021-05-07,8820691,7555386,1265305,,229630,136497,19.34,16.57,2.77,,2993
Argentina,ARG,2021-05-08,9001747,7660652,1341095,,181056,147182,19.74,16.8,2.94,,3227
Argentina,ARG,2021-05-09,9082597,7688877,1393720,,80850,154956,19.92,16.86,3.06,,3398
Argentina,ARG,2021-05-10,9122759,7718272,1404487,,40162,154709,20.0,16.92,3.08,,3392
Argentina,ARG,2021-05-11,9237005,7790786,1446219,,114246,148571,20.25,17.08,3.17,,3258
Argentina,ARG,2021-05-12,9383945,7866933,1517012,,146940,141776,20.58,17.25,3.33,,3109
Argentina,ARG,2021-05-13,9541511,7912175,1629336,,157566,135779,20.92,17.35,3.57,,2977
Argentina,ARG,2021-05-14,9704364,7953562,1750802,,162853,126239,21.28,17.44,3.84,,2768
Argentina,ARG,2021-05-15,9862623,7992532,1870091,,158259,122982,21.63,17.53,4.1,,2697
Argentina,ARG,2021-05-16,9927783,8023563,1904220,,65160,120741,21.77,17.59,4.18,,2647
Argentina,ARG,2021-05-17,10002830,8050709,1952121,,75047,125724,21.93,17.65,4.28,,2757
Argentina,ARG,2021-05-18,10193368,8141608,2051760,,190538,136623,22.35,17.85,4.5,,2996
Argentina,ARG,2021-05-19,10383925,8279961,2103964,,190557,142854,22.77,18.16,4.61,,3132
Argentina,ARG,2021-05-20,10549521,8397337,2152184,,165596,144001,23.13,18.41,4.72,,3158
Argentina,ARG,2021-05-21,10758782,8531073,2227709,,209261,150631,23.59,18.71,4.88,,3303
Argentina,ARG,2021-05-22,10958659,8638944,2319715,,199877,156577,24.03,18.94,5.09,,3433
Argentina,ARG,2021-05-23,11067550,8701971,2365579,,108891,162824,24.27,19.08,5.19,,3570
Argentina,ARG,2021-05-24,11149468,8735231,2414237,,81918,163805,24.45,19.15,5.29,,3592
Argentina,ARG,2021-05-25,11242209,8807373,2434836,,92741,149834,24.65,19.31,5.34,,3285
Argentina,ARG,2021-05-26,11331066,8878491,2452575,,88857,135306,24.85,19.47,5.38,,2967
Argentina,ARG,2021-05-27,11503476,8988267,2515209,,172410,136279,25.22,19.71,5.52,,2988
Argentina,ARG,2021-05-28,11676733,9084600,2592133,,173257,131136,25.6,19.92,5.68,,2875
Argentina,ARG,2021-05-29,11906697,9208883,2697814,,229964,135434,26.11,20.19,5.92,,2970
Argentina,ARG,2021-05-30,12119901,9361218,2758683,,213204,150336,26.58,20.53,6.05,,3296
Argentina,ARG,2021-05-31,12257297,9476406,2780891,,137396,158261,26.88,20.78,6.1,,3470
Argentina,ARG,2021-06-01,12497078,9667003,2830075,,239781,179267,27.4,21.2,6.21,,3931
Argentina,ARG,2021-06-02,12801115,9924476,2876639,,304037,210007,28.07,21.76,6.31,,4605
Argentina,ARG,2021-06-03,13079195,10158653,2920542,,278080,225103,28.68,22.27,6.4,,4936
Argentina,ARG,2021-06-04,13374067,10417359,2956708,,294872,242476,29.33,22.84,6.48,,5317
Argentina,ARG,2021-06-05,13730521,10733428,2997093,,356454,260546,30.11,23.54,6.57,,5713
Argentina,ARG,2021-06-06,14092493,11071365,3021128,,361972,281799,30.9,24.28,6.62,,6179
Argentina,ARG,2021-06-07,14336164,11290468,3045696,,243671,296981,31.43,24.76,6.68,,6512
Argentina,ARG,2021-06-08,14663805,11577809,3085996,,327641,309532,32.15,25.39,6.77,,6787
Argentina,ARG,2021-06-09,15012734,11888649,3124085,,348929,315946,32.92,26.07,6.85,,6928
Argentina,ARG,2021-06-10,15353408,12202881,3150527,,340674,324888,33.67,26.76,6.91,,7124
Argentina,ARG,2021-06-11,15730223,12555442,3174781,,376815,336594,34.49,27.53,6.96,,7381
Argentina,ARG,2021-06-12,16102741,12879690,3223051,,372518,338889,35.31,28.24,7.07,,7431
Argentina,ARG,2021-06-13,16286902,12991480,3295422,,184161,313487,35.71,28.49,7.23,,6874
Argentina,ARG,2021-06-14,16382043,13043304,3338739,,95141,292268,35.92,28.6,7.32,,6409
Argentina,ARG,2021-06-15,16643769,13223188,3420581,,261726,282852,36.49,28.99,7.5,,6202
Argentina,ARG,2021-06-16,16876619,13389726,3486893,,232850,266269,37.01,29.36,7.65,,5838
Argentina,ARG,2021-06-17,17172628,13609451,3563177,,296009,259889,37.65,29.84,7.81,,5699
Argentina,ARG,2021-06-18,17475935,13852316,3623619,,303307,249387,38.32,30.37,7.95,,5468
Argentina,ARG,2021-06-19,17837121,14172453,3664668,,361186,247769,39.11,31.08,8.04,,5433
Argentina,ARG,2021-06-20,18085389,14397649,3687740,,248268,256927,39.66,31.57,8.09,,5634
Argentina,ARG,2021-06-21,18198899,14504810,3694089,,113510,259551,39.9,31.8,8.1,,5691
Argentina,ARG,2021-06-22,18380675,14660693,3719982,,181776,248129,40.3,32.15,8.16,,5441
Argentina,ARG,2021-06-23,18646784,14886910,3759874,,266109,252881,40.89,32.64,8.24,,5545
Argentina,ARG,2021-06-24,18921680,15128961,3792719,,274896,249865,41.49,33.17,8.32,,5479
Argentina,ARG,2021-06-25,19205808,15374817,3830991,,284128,247125,42.11,33.71,8.4,,5419
Argentina,ARG,2021-06-26,19499231,15617249,3881982,,293423,237444,42.76,34.24,8.51,,5206
Argentina,ARG,2021-06-27,19749468,15831632,3917836,,250237,237726,43.3,34.71,8.59,,5213
Argentina,ARG,2021-06-28,19951580,15993494,3958086,,202112,250383,43.75,35.07,8.68,,5490
Argentina,ARG,2021-06-29,20221697,16228833,3992864,,270117,263003,44.34,35.59,8.76,,5767
Argentina,ARG,2021-06-30,20543325,16504606,4038719,,321628,270934,45.05,36.19,8.86,,5941
Argentina,ARG,2021-07-01,20907721,16821968,4085753,,364396,283720,45.84,36.89,8.96,,6221
Argentina,ARG,2021-07-02,21310026,17106617,4203409,,402305,300603,46.73,37.51,9.22,,6591
Argentina,ARG,2021-07-03,21781425,17479963,4301462,,471399,326028,47.76,38.33,9.43,,7149
Argentina,ARG,2021-07-04,22179930,17796602,4383328,,398505,347209,48.63,39.02,9.61,,7613
Argentina,ARG,2021-07-05,22444129,18011944,4432185,,264199,356078,49.21,39.49,9.72,,7808
Argentina,ARG,2021-07-06,22813398,18246811,4566587,,369269,370243,50.02,40.01,10.01,,8118
Argentina,ARG,2021-07-07,23317413,18577434,4739979,,504015,396298,51.13,40.73,10.39,,8690
Argentina,ARG,2021-07-08,23722105,18869175,4852930,,404692,402055,52.02,41.37,10.64,,8816
Argentina,ARG,2021-07-09,24048381,19162483,4885898,,326276,391194,52.73,42.02,10.71,,8578
Argentina,ARG,2021-07-10,24518390,19507996,5010394,,470009,390995,53.76,42.78,10.99,,8573
Argentina,ARG,2021-07-11,24616918,19594624,5022294,,98528,348141,53.98,42.97,11.01,,7634
Argentina,ARG,2021-07-12,24862187,19822638,5039549,,245269,345437,54.52,43.47,11.05,,7574
Argentina,ARG,2021-07-13,25254280,20178596,5075684,,392093,348697,55.38,44.25,11.13,,7646
Argentina,ARG,2021-07-14,25718531,20605189,5113342,,464251,343017,56.39,45.18,11.21,,7521
Argentina,ARG,2021-07-15,26134815,20985921,5148894,,416284,344673,57.31,46.02,11.29,,7558
Argentina,ARG,2021-07-16,26511672,21317004,5194668,,376857,351899,58.13,46.74,11.39,,7716
Argentina,ARG,2021-07-17,26934235,21644577,5289658,,422563,345121,59.06,47.46,11.6,,7567
Argentina,ARG,2021-07-18,27200110,21839491,5360619,,265875,369027,59.64,47.89,11.75,,8092
Argentina,ARG,2021-07-19,27430531,22030134,5400397,,230421,366906,60.15,48.31,11.84,,8045
Argentina,ARG,2021-07-20,27825228,22342067,5483161,,394697,367278,61.01,48.99,12.02,,8053
Argentina,ARG,2021-07-21,28264151,22573282,5690869,,438923,363660,61.97,49.5,12.48,,7974
Argentina,ARG,2021-07-22,28674364,22876517,5797847,,410213,362793,62.87,50.16,12.71,,7955
Argentina,ARG,2021-07-23,29075280,23209621,5865659,,400916,366230,63.75,50.89,12.86,,8030
Argentina,ARG,2021-07-24,29437762,23492843,5944919,,362482,357647,64.55,51.51,13.04,,7842
Argentina,ARG,2021-07-25,29723228,23714686,6008542,,285466,360445,65.17,52.0,13.17,,7903
Argentina,ARG,2021-07-26,29880247,23857637,6022610,,157019,349959,65.52,52.31,13.21,,7674
Argentina,ARG,2021-07-27,30230385,24096445,6133940,,350138,343594,66.29,52.84,13.45,,7534
Argentina,ARG,2021-07-28,30655272,24302432,6352840,,424887,341589,67.22,53.29,13.93,,7490
Argentina,ARG,2021-07-29,31075801,24542819,6532982,,420529,343062,68.14,53.82,14.32,,7522
Argentina,ARG,2021-07-30,31471074,24754641,6716433,,395273,342256,69.01,54.28,14.73,,7505
Argentina,ARG,2021-07-31,31877998,24966105,6911893,,406924,348605,69.9,54.74,15.16,,7644
Argentina,ARG,2021-08-01,32148787,25092667,7056120,,270789,346508,70.49,55.02,15.47,,7598
Argentina,ARG,2021-08-02,32335391,25178202,7157189,,186604,350735,70.9,55.21,15.69,,7691
Argentina,ARG,2021-08-03,32695882,25337678,7358204,,360491,352214,71.69,55.56,16.13,,7723
Argentina,ARG,2021-08-04,33335932,25646674,7689258,,640050,382951,73.1,56.24,16.86,,8397
Argentina,ARG,2021-08-05,33735965,25806439,7929526,,400033,380023,73.97,56.59,17.39,,8333
Argentina,ARG,2021-08-06,34134158,25950647,8183511,,398193,380441,74.85,56.9,17.94,,8342
Argentina,ARG,2021-08-07,34430142,26028829,8401313,,295984,364592,75.5,57.07,18.42,,7994
Argentina,ARG,2021-08-08,34624926,26076234,8548692,,194784,353734,75.92,57.18,18.74,,7756
Argentina,ARG,2021-08-09,34902791,26179454,8723337,,277865,366771,76.53,57.4,19.13,,8042
Argentina,ARG,2021-08-10,35247776,26293313,8954463,,344985,364556,77.29,57.65,19.63,,7994
Argentina,ARG,2021-08-11,,,,,,309886,,,,,6795
Argentina,ARG,2021-08-12,35762492,26414061,9348431,,,289504,78.42,57.92,20.5,,6348
Argentina,ARG,2021-08-13,36038031,26484592,9553439,,275539,271982,79.02,58.07,20.95,,5964
Argentina,ARG,2021-08-14,36387897,26565910,9821987,,349866,279679,79.79,58.25,21.54,,6133
Argentina,ARG,2021-08-15,36641694,26609472,10032222,,253797,288110,80.34,58.35,22.0,,6317
Argentina,ARG,2021-08-16,36809251,26643961,10165290,,167557,272351,80.71,58.42,22.29,,5972
Argentina,ARG,2021-08-17,36941932,26684756,10257176,,132681,242022,81.0,58.51,22.49,,5307
Argentina,ARG,2021-08-18,37234519,26784800,10449719,,292587,247055,81.64,58.73,22.91,,5417
Argentina,ARG,2021-08-19,37689167,26902913,10786254,,454648,275239,82.64,58.99,23.65,,6035
Argentina,ARG,2021-08-20,38145435,26993547,11151888,,456268,301058,83.64,59.19,24.45,,6601
Argentina,ARG,2021-08-21,38584379,27105019,11479360,,438944,313783,84.6,59.43,25.17,,6880
Argentina,ARG,2021-08-22,38904089,27178860,11725229,,319710,323199,85.31,59.6,25.71,,7087
Argentina,ARG,2021-08-23,39133726,27210308,11923418,,229637,332068,85.81,59.66,26.14,,7281
Argentina,ARG,2021-08-24,39507845,27301884,12205961,,374119,366559,86.63,59.86,26.76,,8038
Argentina,ARG,2021-08-25,39951618,27414859,12536759,,443773,388157,87.6,60.11,27.49,,8511
Argentina,ARG,2021-08-26,40407410,27490908,12916502,,455792,388320,88.6,60.28,28.32,,8515
Bolivia,BOL,2021-01-28,0,,,,,,0.0,,,,
Bolivia,BOL,2021-01-29,12,,,,12,12,0.0,,,,1
Bolivia,BOL,2021-01-30,39,,,,27,20,0.0,,,,2
Bolivia,BOL,2021-01-31,67,,,,28,22,0.0,,,,2
Bolivia,BOL,2021-02-01,570,,,,503,142,0.0,,,,12
Bolivia,BOL,2021-02-02,1593,,,,1023,319,0.01,,,,27
Bolivia,BOL,2021-02-03,3560,,,,1967,593,0.03,,,,50
Bolivia,BOL,2021-02-04,,,,,,627,,,,,53
Bolivia,BOL,2021-02-05,,,,,,743,,,,,63
Bolivia,BOL,2021-02-06,,,,,,857,,,,,72
Bolivia,BOL,2021-02-07,,,,,,971,,,,,82
Bolivia,BOL,2021-02-08,,,,,,1017,,,,,86
Bolivia,BOL,2021-02-09,,,,,,989,,,,,84
Bolivia,BOL,2021-02-10,,,,,,826,,,,,70
Bolivia,BOL,2021-02-11,10167,,,,,826,0.09,,,,70
Bolivia,BOL,2021-02-12,,,,,,778,,,,,66
Bolivia,BOL,2021-02-13,,,,,,730,,,,,62
Bolivia,BOL,2021-02-14,,,,,,682,,,,,58
Bolivia,BOL,2021-02-15,,,,,,634,,,,,54
Bolivia,BOL,2021-02-16,,,,,,586,,,,,50
Bolivia,BOL,2021-02-17,,,,,,538,,,,,45
Bolivia,BOL,2021-02-18,,,,,,491,,,,,41
Bolivia,BOL,2021-02-19,,,,,,491,,,,,41
Bolivia,BOL,2021-02-20,,,,,,491,,,,,41
Bolivia,BOL,2021-02-21,,,,,,491,,,,,41
Bolivia,BOL,2021-02-22,,,,,,491,,,,,41
Bolivia,BOL,2021-02-23,,,,,,491,,,,,41
Bolivia,BOL,2021-02-24,,,,,,491,,,,,41
Bolivia,BOL,2021-02-25,,,,,,491,,,,,41
Bolivia,BOL,2021-02-26,,,,,,491,,,,,41
Bolivia,BOL,2021-02-27,,,,,,491,,,,,41
Bolivia,BOL,2021-02-28,,,,,,491,,,,,41
Bolivia,BOL,2021-03-01,,,,,,491,,,,,41
Bolivia,BOL,2021-03-02,19487,10325,9162,,,491,0.16,0.09,0.08,,41
Bolivia,BOL,2021-03-03,19865,10325,9540,,378,474,0.17,0.09,0.08,,40
Bolivia,BOL,2021-03-04,20025,10325,9700,,160,427,0.17,0.09,0.08,,36
Bolivia,BOL,2021-03-05,20110,10325,9785,,85,369,0.17,0.09,0.08,,31
Bolivia,BOL,2021-03-06,106182,96397,9785,,86072,12595,0.9,0.81,0.08,,1064
Bolivia,BOL,2021-03-07,106905,97120,9785,,723,12628,0.9,0.82,0.08,,1067
Bolivia,BOL,2021-03-08,112066,102236,9830,,5161,13296,0.95,0.86,0.08,,1124
Bolivia,BOL,2021-03-09,119080,109210,9870,,7014,14228,1.01,0.92,0.08,,1202
Bolivia,BOL,2021-03-10,126889,117011,9878,,7809,15289,1.07,0.99,0.08,,1292
Bolivia,BOL,2021-03-11,132286,122348,9938,,5397,16037,1.12,1.03,0.08,,1355
Bolivia,BOL,2021-03-12,137150,127199,9951,,4864,16720,1.16,1.07,0.08,,1413
Bolivia,BOL,2021-03-13,137787,127836,9951,,637,4515,1.16,1.08,0.08,,382
Bolivia,BOL,2021-03-14,138218,128267,9951,,431,4473,1.17,1.08,0.08,,378
Bolivia,BOL,2021-03-15,141810,131814,9996,,3592,4249,1.2,1.11,0.08,,359
Bolivia,BOL,2021-03-16,146039,136032,10007,,4229,3851,1.23,1.15,0.08,,325
Bolivia,BOL,2021-03-17,150593,140532,10061,,4554,3386,1.27,1.19,0.09,,286
Bolivia,BOL,2021-03-18,155945,144816,11129,,5352,3380,1.32,1.22,0.09,,286
Bolivia,BOL,2021-03-19,164984,148045,16939,,9039,3976,1.39,1.25,0.14,,336
Bolivia,BOL,2021-03-20,167160,148588,18572,,2176,4196,1.41,1.26,0.16,,355
Bolivia,BOL,2021-03-21,168477,148975,19502,,1317,4323,1.42,1.26,0.16,,365
Bolivia,BOL,2021-03-22,180187,151952,28235,,11710,5482,1.52,1.28,0.24,,463
Bolivia,BOL,2021-03-23,198104,155962,42142,,17917,7438,1.67,1.32,0.36,,629
Bolivia,BOL,2021-03-24,218201,160904,57297,,20097,9658,1.84,1.36,0.48,,816
Bolivia,BOL,2021-03-25,238178,166737,71441,,19977,11748,2.01,1.41,0.6,,993
Bolivia,BOL,2021-03-26,259171,173264,85907,,20993,13455,2.19,1.46,0.73,,1137
Bolivia,BOL,2021-03-27,263144,174799,88315,,3973,13712,2.22,1.48,0.75,,1159
Bolivia,BOL,2021-03-28,263887,175169,88718,,743,13630,2.23,1.48,0.75,,1152
Bolivia,BOL,2021-03-29,275810,180484,95326,,11923,13660,2.33,1.53,0.81,,1154
Bolivia,BOL,2021-03-30,289351,186985,102366,,13541,13035,2.45,1.58,0.87,,1102
Bolivia,BOL,2021-03-31,304185,194880,109305,,14834,12283,2.57,1.65,0.92,,1038
Bolivia,BOL,2021-04-01,318115,203103,115012,,13930,11420,2.69,1.72,0.97,,965
Bolivia,BOL,2021-04-02,320065,204097,115968,,1950,8699,2.7,1.72,0.98,,735
Bolivia,BOL,2021-04-03,321807,205115,116692,,1742,8380,2.72,1.73,0.99,,708
Bolivia,BOL,2021-04-04,323081,206003,117078,,1274,8456,2.73,1.74,0.99,,715
Bolivia,BOL,2021-04-05,339633,215926,123707,,16552,9118,2.87,1.82,1.05,,771
Bolivia,BOL,2021-04-06,357924,229556,128368,,18291,9796,3.02,1.94,1.08,,828
Bolivia,BOL,2021-04-07,378455,245763,132692,,20531,10610,3.2,2.08,1.12,,897
Bolivia,BOL,2021-04-08,400804,263732,137072,,22349,11813,3.39,2.23,1.16,,998
Bolivia,BOL,2021-04-09,423842,282801,141041,,23038,14825,3.58,2.39,1.19,,1253
Bolivia,BOL,2021-04-10,428502,287004,141498,,4660,15242,3.62,2.43,1.2,,1288
Bolivia,BOL,2021-04-11,431018,289353,141665,,2516,15420,3.64,2.45,1.2,,1303
Bolivia,BOL,2021-04-12,447417,302991,144426,,16399,15398,3.78,2.56,1.22,,1301
Bolivia,BOL,2021-04-13,465896,317701,148195,,18479,15425,3.94,2.68,1.25,,1304
Bolivia,BOL,2021-04-14,486354,333137,153217,,20458,15414,4.11,2.82,1.29,,1303
Bolivia,BOL,2021-04-15,507411,348591,158820,,21057,15230,4.29,2.95,1.34,,1287
Bolivia,BOL,2021-04-16,530496,365333,165163,,23085,15236,4.48,3.09,1.4,,1288
Bolivia,BOL,2021-04-17,536374,370483,165891,,5878,15410,4.53,3.13,1.4,,1302
Bolivia,BOL,2021-04-18,539230,373139,166091,,2856,15459,4.56,3.15,1.4,,1306
Bolivia,BOL,2021-04-19,557394,385889,171505,,18164,15711,4.71,3.26,1.45,,1328
Bolivia,BOL,2021-04-20,577211,400087,177124,,19817,15902,4.88,3.38,1.5,,1344
Bolivia,BOL,2021-04-21,596366,413643,182723,,19155,15716,5.04,3.5,1.54,,1328
Bolivia,BOL,2021-04-22,619794,431138,188656,,23428,16055,5.24,3.64,1.59,,1357
Bolivia,BOL,2021-04-23,647118,456643,190475,,27324,16660,5.47,3.86,1.61,,1408
Bolivia,BOL,2021-04-24,656613,465823,190790,,9495,17177,5.55,3.94,1.61,,1452
Bolivia,BOL,2021-04-25,660610,469586,191024,,3997,17340,5.58,3.97,1.61,,1465
Bolivia,BOL,2021-04-26,688654,490495,198159,,28044,18751,5.82,4.15,1.67,,1585
Bolivia,BOL,2021-04-27,722946,516958,205988,,34292,20819,6.11,4.37,1.74,,1759
Bolivia,BOL,2021-04-28,762044,547471,214573,,39098,23668,6.44,4.63,1.81,,2000
Bolivia,BOL,2021-04-29,,,,,,24422,,,,,2064
Bolivia,BOL,2021-04-30,,,,,,24618,,,,,2080
Bolivia,BOL,2021-05-01,848149,614600,233549,,,27362,7.17,5.19,1.97,,2312
Bolivia,BOL,2021-05-02,,,,,,28964,,,,,2448
Bolivia,BOL,2021-05-03,878563,637694,240869,,,27130,7.42,5.39,2.04,,2293
Bolivia,BOL,2021-05-04,909863,663041,246822,,31300,26702,7.69,5.6,2.09,,2257
Bolivia,BOL,2021-05-05,941419,689633,251786,,31556,25625,7.96,5.83,2.13,,2166
Bolivia,BOL,2021-05-06,966546,710240,256306,,25127,25114,8.17,6.0,2.17,,2122
Bolivia,BOL,2021-05-07,990300,728194,262106,,23754,24408,8.37,6.15,2.22,,2063
Bolivia,BOL,2021-05-08,997296,733305,263991,,6996,21307,8.43,6.2,2.23,,1801
Bolivia,BOL,2021-05-09,998818,734162,264656,,1522,19352,8.44,6.2,2.24,,1635
Bolivia,BOL,2021-05-10,1010981,741658,269323,,12163,18917,8.54,6.27,2.28,,1599
Bolivia,BOL,2021-05-11,1022419,748839,273580,,11438,16079,8.64,6.33,2.31,,1359
Bolivia,BOL,2021-05-12,1031197,754525,276672,,8778,12825,8.71,6.38,2.34,,1084
Bolivia,BOL,2021-05-13,,,,,,11071,,,,,936
Bolivia,BOL,2021-05-14,1056895,776914,279981,,,9514,8.93,6.57,2.37,,804
Bolivia,BOL,2021-05-15,1093965,810391,283574,,37070,13810,9.25,6.85,2.4,,1167
Bolivia,BOL,2021-05-16,1103071,818489,284582,,9106,14893,9.32,6.92,2.4,,1259
Bolivia,BOL,2021-05-17,1106725,821241,285484,,3654,13678,9.35,6.94,2.41,,1156
Bolivia,BOL,2021-05-18,1194572,902833,291739,,87847,24593,10.1,7.63,2.47,,2078
Bolivia,BOL,2021-05-19,,,,,,28417,,,,,2402
Bolivia,BOL,2021-05-20,,,,,,31659,,,,,2675
Bolivia,BOL,2021-05-21,1301201,1004613,296588,,,34901,11.0,8.49,2.51,,2949
Bolivia,BOL,2021-05-22,1357045,1058435,298610,,55844,37583,11.47,8.94,2.52,,3176
Bolivia,BOL,2021-05-23,1371216,1071682,299534,,14171,38306,11.59,9.06,2.53,,3237
Bolivia,BOL,2021-05-24,1415620,1112812,302808,,44404,44128,11.96,9.4,2.56,,3729
Bolivia,BOL,2021-05-25,1457644,1145107,312537,,42024,37582,12.32,9.68,2.64,,3176
Bolivia,BOL,2021-05-26,1511957,1185725,326232,,54313,40263,12.78,10.02,2.76,,3403
Bolivia,BOL,2021-05-27,1564349,1224313,340036,,52392,42670,13.22,10.35,2.87,,3606
Bolivia,BOL,2021-05-28,1616658,1271262,345396,,52309,45065,13.66,10.74,2.92,,3808
Bolivia,BOL,2021-05-29,1630173,1283524,346649,,13515,39018,13.78,10.85,2.93,,3297
Bolivia,BOL,2021-05-30,1635543,1288278,347265,,5370,37761,13.82,10.89,2.93,,3191
Bolivia,BOL,2021-05-31,1681883,1331789,350094,,46340,38038,14.21,11.25,2.96,,3215
Bolivia,BOL,2021-06-01,1729799,1376792,353007,,47916,38879,14.62,11.64,2.98,,3286
Bolivia,BOL,2021-06-02,1767803,1412650,355153,,38004,36549,14.94,11.94,3.0,,3089
Bolivia,BOL,2021-06-03,1776677,1420596,356081,,8874,30333,15.01,12.01,3.01,,2563
Bolivia,BOL,2021-06-04,1814885,1444171,370714,,38208,28318,15.34,12.2,3.13,,2393
Bolivia,BOL,2021-06-05,1825646,1451108,374538,,10761,27925,15.43,12.26,3.17,,2360
Bolivia,BOL,2021-06-06,1829560,1454262,375298,,3914,27717,15.46,12.29,3.17,,2342
Bolivia,BOL,2021-06-07,1878702,1470833,407869,,49142,28117,15.88,12.43,3.45,,2376
Bolivia,BOL,2021-06-08,,,,,,25657,,,,,2168
Bolivia,BOL,2021-06-09,1940095,1490937,449158,,,24613,16.4,12.6,3.8,,2080
Bolivia,BOL,2021-06-10,,,,,,29302,,,,,2476
Bolivia,BOL,2021-06-11,,,,,,29801,,,,,2518
Bolivia,BOL,2021-06-12,2065191,1542588,522603,,,34221,17.45,13.04,4.42,,2892
Bolivia,BOL,2021-06-13,2069629,1544730,524899,,4438,34296,17.49,13.05,4.44,,2898
Bolivia,BOL,2021-06-14,,,,,,30675,,,,,2592
Bolivia,BOL,2021-06-15,2117222,1572351,544871,,,29689,17.89,13.29,4.6,,2509
Bolivia,BOL,2021-06-16,,,,,,27723,,,,,2343
Bolivia,BOL,2021-06-17,2151088,1594489,556599,,,24185,18.18,13.48,4.7,,2044
Bolivia,BOL,2021-06-18,2181452,1615514,565938,,30364,22566,18.44,13.65,4.78,,1907
Bolivia,BOL,2021-06-19,,,,,,19008,,,,,1606
Bolivia,BOL,2021-06-20,,,,,,20774,,,,,1756
Bolivia,BOL,2021-06-21,2231841,1645289,586552,,,19774,18.86,13.9,4.96,,1671
Bolivia,BOL,2021-06-22,,,,,,20837,,,,,1761
Bolivia,BOL,2021-06-23,,,,,,22880,,,,,1934
Bolivia,BOL,2021-06-24,,,,,,24924,,,,,2106
Bolivia,BOL,2021-06-25,,,,,,25049,,,,,2117
Bolivia,BOL,2021-06-26,,,,,,27112,,,,,2291
Bolivia,BOL,2021-06-27,,,,,,29175,,,,,2466
Bolivia,BOL,2021-06-28,2450510,1788228,662282,,,31238,20.71,15.11,5.6,,2640
Bolivia,BOL,2021-06-29,,,,,,33840,,,,,2860
Bolivia,BOL,2021-06-30,2549403,1857751,691652,,,36441,21.54,15.7,5.85,,3080
Bolivia,BOL,2021-07-01,2647544,1927217,720327,,98141,45998,22.37,16.29,6.09,,3887
Bolivia,BOL,2021-07-02,2720949,1987768,733181,,73405,52022,22.99,16.8,6.2,,4396
Bolivia,BOL,2021-07-03,2738912,2002991,735921,,17963,50126,23.15,16.93,6.22,,4236
Bolivia,BOL,2021-07-04,2762994,2024454,738540,,24082,49103,23.35,17.11,6.24,,4150
Bolivia,BOL,2021-07-05,2807912,2062126,745786,,44918,51057,23.73,17.43,6.3,,4315
Bolivia,BOL,2021-07-06,,,,,,50312,,,,,4252
Bolivia,BOL,2021-07-07,,,,,,49567,,,,,4189
Bolivia,BOL,2021-07-08,,,,,,41865,,,,,3538
Bolivia,BOL,2021-07-09,,,,,,37697,,,,,3186
Bolivia,BOL,2021-07-10,,,,,,41450,,,,,3503
Bolivia,BOL,2021-07-11,,,,,,44328,,,,,3746
Bolivia,BOL,2021-07-12,3117521,2321231,796290,,,44230,26.35,19.62,6.73,,3738
Bolivia,BOL,2021-07-13,,,,,,48150,,,,,4069
Bolivia,BOL,2021-07-14,,,,,,52070,,,,,4400
Bolivia,BOL,2021-07-15,,,,,,55990,,,,,4732
Bolivia,BOL,2021-07-16,,,,,,59910,,,,,5063
Bolivia,BOL,2021-07-17,,,,,,63829,,,,,5394
Bolivia,BOL,2021-07-18,,,,,,67749,,,,,5725
Bolivia,BOL,2021-07-19,3619206,2638918,980288,,,71669,30.59,22.3,8.28,,6057
Bolivia,BOL,2021-07-20,,,,,,71730,,,,,6062
Bolivia,BOL,2021-07-21,,,,,,71791,,,,,6067
Bolivia,BOL,2021-07-22,,,,,,71851,,,,,6072
Bolivia,BOL,2021-07-23,,,,,,71912,,,,,6077
Bolivia,BOL,2021-07-24,,,,,,71973,,,,,6082
Bolivia,BOL,2021-07-25,4051772,2788135,1263637,,,72034,34.24,23.56,10.68,,6088
Bolivia,BOL,2021-07-26,,,,,,76689,,,,,6481
Bolivia,BOL,2021-07-27,4260287,2834736,1425551,,,81284,36.0,23.96,12.05,,6869
Bolivia,BOL,2021-07-28,,,,,,82889,,,,,7005
Bolivia,BOL,2021-07-29,4426954,2863296,1563658,,,84495,37.41,24.2,13.21,,7141
Bolivia,BOL,2021-07-30,,,,,,78549,,,,,6638
Bolivia,BOL,2021-07-31,4487894,2874284,1613610,,,72602,37.93,24.29,13.64,,6136
Bolivia,BOL,2021-08-01,4526177,2881439,1644738,,38283,67772,38.25,24.35,13.9,,5727
Bolivia,BOL,2021-08-02,,,,,,60364,,,,,5101
Bolivia,BOL,2021-08-03,4630979,2903925,1727054,,,52956,39.14,24.54,14.6,,4475
Bolivia,BOL,2021-08-04,,,,,,46709,,,,,3947
Bolivia,BOL,2021-08-05,4710183,2923829,1786354,,,40461,39.81,24.71,15.1,,3419
Bolivia,BOL,2021-08-06,,,,,,36391,,,,,3075
Bolivia,BOL,2021-08-07,4714133,2924399,1789734,,,32320,39.84,24.71,15.13,,2731
Bolivia,BOL,2021-08-08,4724095,2926271,1797824,,9962,28274,39.92,24.73,15.19,,2389
Bolivia,BOL,2021-08-09,4779544,2939877,1839667,,55449,28709,40.39,24.84,15.55,,2426
Bolivia,BOL,2021-08-10,4824801,2949156,1875645,,45257,27689,40.77,24.92,15.85,,2340
Bolivia,BOL,2021-08-11,4879099,2957194,1921905,,54298,29788,41.23,24.99,16.24,,2517
Bolivia,BOL,2021-08-12,,,,,,33119,,,,,2799
Bolivia,BOL,2021-08-13,5004937,2977801,2027136,,,41826,42.3,25.17,17.13,,3535
Bolivia,BOL,2021-08-14,,,,,,43765,,,,,3699
Bolivia,BOL,2021-08-15,5036033,2989471,2046562,,,44563,42.56,25.26,17.3,,3766
Bolivia,BOL,2021-08-16,,,,,,40946,,,,,3460
Bolivia,BOL,2021-08-17,5096306,3000981,2095325,,,38786,43.07,25.36,17.71,,3278
Bolivia,BOL,2021-08-18,5154253,3012437,2141816,,57947,39308,43.56,25.46,18.1,,3322
Bolivia,BOL,2021-08-19,5215804,3023644,2192160,,61551,39112,44.08,25.55,18.53,,3305
Bolivia,BOL,2021-08-20,5270463,3033516,2236947,,54659,37932,44.54,25.64,18.9,,3206
Bolivia,BOL,2021-08-21,5319711,3044011,2275700,,49248,42747,44.96,25.72,19.23,,3613
Bolivia,BOL,2021-08-22,,,,,,42042,,,,,3553
Bolivia,BOL,2021-08-23,5340943,3051554,2289389,,,39253,45.14,25.79,19.35,,3317
Bolivia,BOL,2021-08-24,5480769,3653993,2401767,,139826,54923,46.32,30.88,20.3,,4642
Bolivia,BOL,2021-08-25,5574927,3697377,2480500,,94158,60096,47.11,31.25,20.96,,5079
Brazil,BRA,2021-01-16,0,0,,,,,0.0,0.0,,,
Brazil,BRA,2021-01-17,112,112,,,112,112,0.0,0.0,,,1
Brazil,BRA,2021-01-18,1109,1109,,,997,554,0.0,0.0,,,3
Brazil,BRA,2021-01-19,11470,11470,,,10361,3823,0.01,0.01,,,18
Brazil,BRA,2021-01-20,28543,28543,,,17073,7136,0.01,0.01,,,33
Brazil,BRA,2021-01-21,136519,136519,,,107976,27304,0.06,0.06,,,128
Brazil,BRA,2021-01-22,245877,245877,,,109358,40980,0.11,0.11,,,192
Brazil,BRA,2021-01-23,537774,537774,,,291897,76825,0.25,0.25,,,359
Brazil,BRA,2021-01-24,604722,604722,,,66948,86373,0.28,0.28,,,404
Brazil,BRA,2021-01-25,700608,700608,,,95886,99928,0.33,0.33,,,467
Brazil,BRA,2021-01-26,848883,848883,,,148275,119630,0.4,0.4,,,559
Brazil,BRA,2021-01-27,1129885,1129885,,,281002,157335,0.53,0.53,,,735
Brazil,BRA,2021-01-28,1450900,1450900,,,321015,187769,0.68,0.68,,,877
Brazil,BRA,2021-01-29,1668032,1656851,,,217132,203165,0.78,0.77,,,949
Brazil,BRA,2021-01-30,2003211,1923813,,,335179,209348,0.94,0.9,,,978
Brazil,BRA,2021-01-31,2074059,2046523,,,70848,209905,0.97,0.96,,,981
Brazil,BRA,2021-02-01,2124307,2107624,,,50248,203386,0.99,0.98,,,950
Brazil,BRA,2021-02-02,2292551,2292551,,,168244,206238,1.07,1.07,,,964
Brazil,BRA,2021-02-03,2521704,2521704,,,229153,198831,1.18,1.18,,,929
Brazil,BRA,2021-02-04,3073057,3073057,,,551353,231737,1.44,1.44,,,1083
Brazil,BRA,2021-02-05,3074906,3074906,,,1849,200982,1.44,1.44,,,939
Brazil,BRA,2021-02-06,3401383,3399421,1962,,326477,199739,1.59,1.59,0.0,,933
Brazil,BRA,2021-02-07,3553681,3534004,19677,,152298,211375,1.66,1.65,0.01,,988
Brazil,BRA,2021-02-08,3605538,3579850,25688,,51857,211604,1.68,1.67,0.01,,989
Brazil,BRA,2021-02-09,3820207,3786591,33616,,214669,218237,1.79,1.77,0.02,,1020
Brazil,BRA,2021-02-10,4120332,4069677,50655,,300125,228375,1.93,1.9,0.02,,1067
Brazil,BRA,2021-02-11,4406835,4326075,80760,,286503,190540,2.06,2.02,0.04,,890
Brazil,BRA,2021-02-12,4696136,4586270,109866,,289301,231604,2.19,2.14,0.05,,1082
Brazil,BRA,2021-02-13,5125206,4946738,178468,,429070,246260,2.4,2.31,0.08,,1151
Brazil,BRA,2021-02-14,5236943,5042713,194230,,111737,240466,2.45,2.36,0.09,,1124
Brazil,BRA,2021-02-15,5293979,5076110,217869,,57036,241206,2.47,2.37,0.1,,1127
Brazil,BRA,2021-02-16,5609937,5324317,285620,,315958,255676,2.62,2.49,0.13,,1195
Brazil,BRA,2021-02-17,5883539,5326007,557532,,273602,251887,2.75,2.49,0.26,,1177
Brazil,BRA,2021-02-18,6206680,5482925,723755,,323141,257121,2.9,2.56,0.34,,1202
Brazil,BRA,2021-02-19,6535156,5640483,894673,,328476,262717,3.05,2.64,0.42,,1228
Brazil,BRA,2021-02-20,6813168,5756361,1056807,,278012,241137,3.18,2.69,0.49,,1127
Brazil,BRA,2021-02-21,6950802,5817908,1132894,,137634,244837,3.25,2.72,0.53,,1144
Brazil,BRA,2021-02-22,7028356,5857080,1171276,,77554,247768,3.28,2.74,0.55,,1158
Brazil,BRA,2021-02-23,7297061,6002873,1294188,,268705,241018,3.41,2.81,0.6,,1126
Brazil,BRA,2021-02-24,7551676,6116082,1435594,,254615,238305,3.53,2.86,0.67,,1114
Brazil,BRA,2021-02-25,7799000,6202055,1596945,,247324,227474,3.64,2.9,0.75,,1063
Brazil,BRA,2021-02-26,8101787,6346769,1755018,,302787,223804,3.79,2.97,0.82,,1046
Brazil,BRA,2021-02-27,8322042,6437836,1884206,,220255,215553,3.89,3.01,0.88,,1007
Brazil,BRA,2021-02-28,8433568,6518628,1914940,,111526,211824,3.94,3.05,0.89,,990
Brazil,BRA,2021-03-01,8465403,6542206,1923197,,31835,205292,3.96,3.06,0.9,,959
Brazil,BRA,2021-03-02,8841027,6806293,2034734,,375624,220567,4.13,3.18,0.95,,1031
Brazil,BRA,2021-03-03,9277322,7114219,2163103,,436295,246521,4.34,3.32,1.01,,1152
Brazil,BRA,2021-03-04,9739676,7417852,2321824,,462354,277239,4.55,3.47,1.08,,1296
Brazil,BRA,2021-03-05,10169160,7701146,2468014,,429484,295339,4.75,3.6,1.15,,1380
Brazil,BRA,2021-03-06,,,,,,269398,,,,,1259
Brazil,BRA,2021-03-07,,,,,,258989,,,,,1210
Brazil,BRA,2021-03-08,,,,,,259965,,,,,1215
Brazil,BRA,2021-03-09,,,,,,211828,,,,,990
Brazil,BRA,2021-03-10,10362487,7851531,2510956,,,155024,4.84,3.67,1.17,,724
Brazil,BRA,2021-03-11,10740859,8092244,2648615,,378372,143026,5.02,3.78,1.24,,668
Brazil,BRA,2021-03-12,11149530,8360366,2789164,,408671,140053,5.21,3.91,1.3,,654
Brazil,BRA,2021-03-13,11362190,8512960,2849230,,212660,164909,5.31,3.98,1.33,,771
Brazil,BRA,2021-03-14,11422666,8561847,2860819,,60476,168025,5.34,4.0,1.34,,785
Brazil,BRA,2021-03-15,11895560,8919356,2976204,,472894,230058,5.56,4.17,1.39,,1075
Brazil,BRA,2021-03-16,,,,,,280729,,,,,1312
Brazil,BRA,2021-03-17,12682290,9451188,3231102,,,331400,5.93,4.42,1.51,,1549
Brazil,BRA,2021-03-18,13013331,9709526,3303805,,331041,324639,6.08,4.54,1.54,,1517
Brazil,BRA,2021-03-19,13335728,9970231,3365497,,322397,312314,6.23,4.66,1.57,,1459
Brazil,BRA,2021-03-20,13479165,10099070,3380095,,143437,302425,6.3,4.72,1.58,,1413
Brazil,BRA,2021-03-21,13562176,10168973,3393203,,83011,305644,6.34,4.75,1.59,,1428
Brazil,BRA,2021-03-22,14116560,10609471,3507089,,554384,317286,6.6,4.96,1.64,,1483
Brazil,BRA,2021-03-23,15209201,11559487,3649714,,1092641,417182,7.11,5.4,1.71,,1950
Brazil,BRA,2021-03-24,15943964,12148769,3795195,,734763,465953,7.45,5.68,1.77,,2177
Brazil,BRA,2021-03-25,16557071,12639545,3917526,,613107,506249,7.74,5.91,1.83,,2366
Brazil,BRA,2021-03-26,17032868,13053114,3979754,,475797,528163,7.96,6.1,1.86,,2468
Brazil,BRA,2021-03-27,17519083,13487207,4031876,,486215,577131,8.19,6.3,1.88,,2697
Brazil,BRA,2021-03-28,17706983,13659406,4047577,,187900,592115,8.27,6.38,1.89,,2767
Brazil,BRA,2021-03-29,18082153,13988029,4094124,,375170,566513,8.45,6.54,1.91,,2647
Brazil,BRA,2021-03-30,18222559,14112509,4110050,,140406,430480,8.52,6.59,1.92,,2012
Brazil,BRA,2021-03-31,19155981,14921376,4234605,,933422,458860,8.95,6.97,1.98,,2144
Brazil,BRA,2021-04-01,,,,,,476765,,,,,2228
Brazil,BRA,2021-04-02,20632877,16099532,4533345,,,514287,9.64,7.52,2.12,,2403
Brazil,BRA,2021-04-03,20956770,16377083,4579687,,323893,491098,9.79,7.65,2.14,,2295
Brazil,BRA,2021-04-04,21070128,16472281,4597847,,113358,480449,9.85,7.7,2.15,,2245
Brazil,BRA,2021-04-05,21960953,17128933,4832020,,890825,554114,10.26,8.0,2.26,,2589
Brazil,BRA,2021-04-06,22850791,17791338,5059453,,889838,661176,10.68,8.31,2.36,,3090
Brazil,BRA,2021-04-07,24197996,18859274,5338722,,1347205,720288,11.31,8.81,2.49,,3366
Brazil,BRA,2021-04-08,24981199,19386057,5595142,,783203,726681,11.67,9.06,2.61,,3396
Brazil,BRA,2021-04-09,25735314,19886870,5848444,,754115,728920,12.03,9.29,2.73,,3406
Brazil,BRA,2021-04-10,26548845,20513828,6035017,,813531,798868,12.41,9.59,2.82,,3733
Brazil,BRA,2021-04-11,26741261,20654434,6086827,,192416,810162,12.5,9.65,2.84,,3786
Brazil,BRA,2021-04-12,27432994,21080623,6352371,,691733,781720,12.82,9.85,2.97,,3653
Brazil,BRA,2021-04-13,30801723,23602070,7199653,,3368729,1135847,14.39,11.03,3.36,,5308
Brazil,BRA,2021-04-14,31703967,24197321,7506646,,902244,1072282,14.82,11.31,3.51,,5011
Brazil,BRA,2021-04-15,,,,,,1004792,,,,,4695
Brazil,BRA,2021-04-16,,,,,,941458,,,,,4399
Brazil,BRA,2021-04-17,,,,,,869635,,,,,4064
Brazil,BRA,2021-04-18,32947066,24350046,8597020,,,886544,15.4,11.38,4.02,,4143
Brazil,BRA,2021-04-19,33755229,24776701,8978528,,808163,903176,15.77,11.58,4.2,,4221
Brazil,BRA,2021-04-20,33807132,24805515,9001617,,51903,429344,15.8,11.59,4.21,,2006
Brazil,BRA,2021-04-21,34058640,24918188,9140452,,251508,336382,15.92,11.64,4.27,,1572
Brazil,BRA,2021-04-22,35024957,25340967,9683990,,966317,430031,16.37,11.84,4.53,,2010
Brazil,BRA,2021-04-23,37112833,26398005,10714828,,2087876,683902,17.34,12.34,5.01,,3196
Brazil,BRA,2021-04-24,37730651,26687711,11042940,,617818,727766,17.63,12.47,5.16,,3401
Brazil,BRA,2021-04-25,38027113,26873143,11153970,,296462,725721,17.77,12.56,5.21,,3391
Brazil,BRA,2021-04-26,38986878,27345796,11641082,,959765,747378,18.22,12.78,5.44,,3493
Brazil,BRA,2021-04-27,40168799,27920546,12248253,,1181921,908810,18.77,13.05,5.72,,4247
Brazil,BRA,2021-04-28,41003659,28312000,12691659,,834860,992146,19.16,13.23,5.93,,4636
Brazil,BRA,2021-04-29,41989957,28778338,13211619,,986298,995000,19.62,13.45,6.17,,4650
Brazil,BRA,2021-04-30,42698862,29149512,13549350,,708905,798004,19.95,13.62,6.33,,3729
Brazil,BRA,2021-05-01,43036179,29336953,13699226,,337317,757933,20.11,13.71,6.4,,3542
Brazil,BRA,2021-05-02,43173356,29421191,13752165,,137177,735178,20.18,13.75,6.43,,3436
Brazil,BRA,2021-05-03,43962159,29865013,14097146,,788803,710754,20.54,13.96,6.59,,3321
Brazil,BRA,2021-05-04,45273825,30658945,14614880,,1311666,729289,21.16,14.33,6.83,,3408
Brazil,BRA,2021-05-05,46185689,31265483,14920206,,911864,740290,21.58,14.61,6.97,,3459
Brazil,BRA,2021-05-06,46542392,31504414,15037978,,356703,650348,21.75,14.72,7.03,,3039
Brazil,BRA,2021-05-07,46875460,31722544,15152916,,333068,596657,21.91,14.82,7.08,,2788
Brazil,BRA,2021-05-08,,,,,,571797,,,,,2672
Brazil,BRA,2021-05-09,,,,,,575528,,,,,2689
Brazil,BRA,2021-05-10,47365348,32101075,15264273,,,486170,22.13,15.0,7.13,,2272
Brazil,BRA,2021-05-11,48193472,32647725,15545747,,828124,417092,22.52,15.26,7.26,,1949
Brazil,BRA,2021-05-12,49188608,33332789,15855819,,995136,428988,22.99,15.58,7.41,,2005
Brazil,BRA,2021-05-13,50308106,34092728,16215378,,1119498,537959,23.51,15.93,7.58,,2514
Brazil,BRA,2021-05-14,52093242,35383566,16709676,,1785136,745397,24.34,16.53,7.81,,3483
Brazil,BRA,2021-05-15,52641583,35731848,16909735,,548341,800404,24.6,16.7,7.9,,3740
Brazil,BRA,2021-05-16,52771668,35801333,16970335,,130085,795659,24.66,16.73,7.93,,3718
Brazil,BRA,2021-05-17,53624328,36355939,17268389,,852660,894140,25.06,16.99,8.07,,4178
Brazil,BRA,2021-05-18,54332240,36844286,17487954,,707912,876967,25.39,17.22,8.17,,4098
Brazil,BRA,2021-05-19,55098913,37376193,17722720,,766673,844329,25.75,17.47,8.28,,3946
Brazil,BRA,2021-05-20,55960152,37937840,18022312,,861239,807435,26.15,17.73,8.42,,3773
Brazil,BRA,2021-05-21,,,,,,774713,,,,,3620
Brazil,BRA,2021-05-22,,,,,,918676,,,,,4293
Brazil,BRA,2021-05-23,,,,,,1122390,,,,,5245
Brazil,BRA,2021-05-24,,,,,,1222878,,,,,5715
Brazil,BRA,2021-05-25,63740557,42702699,21037858,,,1344045,29.79,19.96,9.83,,6281
Brazil,BRA,2021-05-26,64568609,43239648,21328961,,828052,1352814,30.17,20.21,9.97,,6322
Brazil,BRA,2021-05-27,65268576,43727936,21540640,,699967,1329775,30.5,20.43,10.07,,6214
Brazil,BRA,2021-05-28,66432341,44564785,21867556,,1163765,1273730,31.04,20.83,10.22,,5952
Brazil,BRA,2021-05-29,66934363,44956732,21977631,,502022,1123150,31.28,21.01,10.27,,5249
Brazil,BRA,2021-05-30,67088046,45079934,22008112,,153683,922807,31.35,21.07,10.28,,4312
Brazil,BRA,2021-05-31,67482730,45376214,22106516,,394684,756893,31.53,21.2,10.33,,3537
Brazil,BRA,2021-06-01,68244216,45940210,22304006,,761486,643380,31.89,21.47,10.42,,3007
Brazil,BRA,2021-06-02,68919860,46498375,22421485,,675644,621607,32.21,21.73,10.48,,2905
Brazil,BRA,2021-06-03,70330300,47636424,22693876,,1410440,723103,32.87,22.26,10.6,,3379
Brazil,BRA,2021-06-04,70743531,48007886,22735645,,413231,615884,33.06,22.43,10.62,,2878
Brazil,BRA,2021-06-05,71429257,48576572,22852685,,685726,642128,33.38,22.7,10.68,,3001
Brazil,BRA,2021-06-06,71691137,48802098,22889039,,261880,657584,33.5,22.81,10.7,,3073
Brazil,BRA,2021-06-07,,,,,,749851,,,,,3504
Brazil,BRA,2021-06-08,,,,,,789718,,,,,3690
Brazil,BRA,2021-06-09,74812794,51465240,23347554,,,841848,34.96,24.05,10.91,,3934
Brazil,BRA,2021-06-10,75890097,52429219,23460878,,1077303,794257,35.46,24.5,10.96,,3712
Brazil,BRA,2021-06-11,76758587,53224020,23534567,,868490,859294,35.87,24.87,11.0,,4016
Brazil,BRA,2021-06-12,,,,,,859572,,,,,4017
Brazil,BRA,2021-06-13,78133938,54489914,23644024,,,920400,36.51,25.46,11.05,,4301
Brazil,BRA,2021-06-14,78906225,55226467,23679758,,772287,882077,36.87,25.81,11.07,,4122
Brazil,BRA,2021-06-15,80268207,56479200,23789007,,1361982,927995,37.51,26.39,11.12,,4337
Brazil,BRA,2021-06-16,81540602,57676179,23864423,,1272395,961115,38.1,26.95,11.15,,4491
Brazil,BRA,2021-06-17,84102155,60066656,24035499,,2561553,1173151,39.3,28.07,11.23,,5482
Brazil,BRA,2021-06-18,85390996,61270446,24120550,,1288841,1233201,39.9,28.63,11.27,,5763
Brazil,BRA,2021-06-19,86475842,62276105,24199737,,1084846,1289940,40.41,29.1,11.31,,6028
Brazil,BRA,2021-06-20,86960570,62741992,24218578,,484728,1260947,40.64,29.32,11.32,,5892
Brazil,BRA,2021-06-21,88353063,64034871,24318192,,1392493,1349548,41.29,29.92,11.36,,6306
Brazil,BRA,2021-06-22,90077011,,,,1723948,1401258,42.09,,,,6548
Brazil,BRA,2021-06-23,91593968,67005097,24588871,,1516957,1436195,42.8,31.31,11.49,,6711
Brazil,BRA,2021-06-24,92917274,68185022,24732252,,1323306,1259303,43.42,31.86,11.56,,5885
Brazil,BRA,2021-06-25,,,,,,1260296,,,,,5889
Brazil,BRA,2021-06-26,,,,,,1290432,,,,,6030
Brazil,BRA,2021-06-27,96804664,71206835,25597829,,,1406299,45.24,33.28,11.96,,6572
Brazil,BRA,2021-06-28,96913929,71291563,25622366,,109265,1222981,45.29,33.31,11.97,,5715
Brazil,BRA,2021-06-29,98827485,72722360,26105125,,1913556,1250068,46.18,33.98,12.2,,5842
Brazil,BRA,2021-06-30,,,,,,1315689,,,,,6148
Brazil,BRA,2021-07-01,102780096,75783345,26996751,,,1408975,48.03,35.41,12.62,,6584
Brazil,BRA,2021-07-02,,,,,,1343933,,,,,6280
Brazil,BRA,2021-07-03,,,,,,1278891,,,,,5976
Brazil,BRA,2021-07-04,105301611,77653882,27647729,,,1213850,49.21,36.29,12.92,,5672
Brazil,BRA,2021-07-05,106909223,78950076,27959147,,1607612,1427899,49.96,36.89,13.07,,6673
Brazil,BRA,2021-07-06,107628177,79467536,28160641,,718954,1257242,50.3,37.14,13.16,,5875
Brazil,BRA,2021-07-07,110101829,81134483,28967346,,2473652,1328291,51.45,37.91,13.54,,6207
Brazil,BRA,2021-07-08,111477691,83713097,29493829,,1375862,1242514,52.09,39.12,13.78,,5806
Brazil,BRA,2021-07-09,112774302,85201397,29901792,,1296611,1307672,52.7,39.81,13.97,,6111
Brazil,BRA,2021-07-10,,,,,,1307734,,,,,6111
Brazil,BRA,2021-07-11,114456183,86797811,30551564,,,1307796,53.49,40.56,14.28,,6111
Brazil,BRA,2021-07-12,115832172,87883245,31074583,,1375989,1274707,54.13,41.07,14.52,,5957
Brazil,BRA,2021-07-13,117005229,88805948,31489872,,1173057,1339579,54.68,41.5,14.72,,6260
Brazil,BRA,2021-07-14,118886610,90161336,32303899,,1881381,1254969,55.56,42.13,15.1,,5865
Brazil,BRA,2021-07-15,120873006,91336865,33296719,,1986396,1342188,56.48,42.68,15.56,,6272
Brazil,BRA,2021-07-16,121802482,92180046,33467639,,929476,1289740,56.92,43.08,15.64,,6027
Brazil,BRA,2021-07-17,123793735,93842534,33854929,,1991253,1454070,57.85,43.85,15.82,,6795
Brazil,BRA,2021-07-18,124113911,94082186,33990366,,320176,1379675,58.0,43.96,15.88,,6447
Brazil,BRA,2021-07-19,124906515,94429515,34514945,,792604,1296335,58.37,44.13,16.13,,6058
Brazil,BRA,2021-07-20,126643283,95589624,35160343,,1736768,1376865,59.18,44.67,16.43,,6434
Brazil,BRA,2021-07-21,128405129,96240322,35846608,,1761846,1359788,60.0,44.97,16.75,,6354
Brazil,BRA,2021-07-22,130432227,97420756,36765097,,2027098,1365603,60.95,45.53,17.18,,6382
Brazil,BRA,2021-07-23,131522663,98268594,37036459,,1090436,1388597,61.46,45.92,17.31,,6489
Brazil,BRA,2021-07-24,131845297,98514854,37145993,,322634,1150223,61.61,46.04,17.36,,5375
Brazil,BRA,2021-07-25,131967387,98616846,37179203,,122090,1121925,61.67,46.08,17.37,,5243
Brazil,BRA,2021-07-26,134539613,100371110,38035356,,2572226,1376157,62.87,46.9,17.77,,6431
Brazil,BRA,2021-07-27,136509687,101534282,38880731,,1970074,1409486,63.79,47.45,18.17,,6587
Brazil,BRA,2021-07-28,137880754,102294772,39524828,,1371067,1353661,64.43,47.8,18.47,,6326
Brazil,BRA,2021-07-29,140028826,103500926,40546320,,2148072,1370943,65.44,48.37,18.95,,6406
Brazil,BRA,2021-07-30,140169214,103597287,40602854,,140388,1235222,65.5,48.41,18.97,,5772
Brazil,BRA,2021-07-31,142488679,105057816,41489804,,2319465,1520483,66.59,49.09,19.39,,7105
Brazil,BRA,2021-08-01,,,,,,1508098,,,,,7047
Brazil,BRA,2021-08-02,142559470,105105405,41515443,,,1145694,66.62,49.12,19.4,,5354
Brazil,BRA,2021-08-03,145558264,106917279,42756263,,2998794,1292654,68.02,49.96,19.98,,6041
Brazil,BRA,2021-08-04,147214665,107980946,43375897,,1656401,1333416,68.79,50.46,20.27,,6231
Brazil,BRA,2021-08-05,,,,,,1187630,,,,,5550
Brazil,BRA,2021-08-06,149469803,,,,,1328656,69.85,,,,6209
Brazil,BRA,2021-08-07,151711314,108567088,45188539,,2241511,1317519,70.9,50.73,21.12,,6157
Brazil,BRA,2021-08-08,152989038,111583449,45612438,,1277724,1494995,71.49,52.14,21.31,,6986
Brazil,BRA,2021-08-09,,,,,,1664448,,,,,7778
Brazil,BRA,2021-08-10,155432167,113049759,46582569,,,1410558,72.63,52.83,21.77,,6592
Brazil,BRA,2021-08-11,157673092,114496161,47397442,,2240925,1494061,73.68,53.5,22.15,,6982
Brazil,BRA,2021-08-12,,,,,,1608194,,,,,7515
Brazil,BRA,2021-08-13,,,,,,1722328,,,,,8049
Brazil,BRA,2021-08-14,163452602,116123404,49297923,,,1677327,76.38,54.26,23.04,,7838
Brazil,BRA,2021-08-15,164638573,119793423,49629214,,1185971,1664219,76.94,55.98,23.19,,7777
Brazil,BRA,2021-08-16,168157560,121838235,51152090,,3518987,1992422,78.58,56.94,23.9,,9311
Brazil,BRA,2021-08-17,169753003,122541955,51771235,,1595443,2045834,79.33,57.26,24.19,,9560
Brazil,BRA,2021-08-18,171741149,123678883,52629848,,1988146,2009722,80.26,57.8,24.59,,9392
Brazil,BRA,2021-08-19,173650317,124755667,53240329,,1909168,2007246,81.15,58.3,24.88,,9380
Brazil,BRA,2021-08-20,,,,,,1873280,,,,,8754
Brazil,BRA,2021-08-21,,,,,,1739315,,,,,8128
Brazil,BRA,2021-08-22,176616552,126453502,54521380,,,1711140,82.53,59.09,25.48,,7996
Brazil,BRA,2021-08-23,178551085,127635209,55286442,,1934533,1484789,83.44,59.64,25.84,,6938
Brazil,BRA,2021-08-24,179727882,128359705,55748292,,1176797,1424983,83.99,59.98,26.05,,6659
Brazil,BRA,2021-08-25,181908368,129675516,56624456,,2180486,1452460,85.01,60.6,26.46,,6787
Brazil,BRA,2021-08-26,186279872,132202507,58486260,,4371504,1804222,87.05,61.78,27.33,,8431